{
    "emitter-envmap.scale": [
        3.0
    ],
    "bsdf-diffuse.reflectance.value": "[[0.18000000715255737, 0.18000000715255737, 0.18000000715255737]]",
    "object_bsdf.clearcoat.value": [
        0.0
    ],
    "object_bsdf.clearcoat_gloss.value": [
        0.0
    ],
    "object_bsdf.metallic.value": [
        0.0
    ],
    "object_bsdf.eta": [
        1.4772193431854248
    ],
    "object_bsdf.roughness.value": [
        0.005670253187417984
    ],
    "object_bsdf.base_color.value": "[[0.40648573637008667, 0.8148857951164246, 0.9990000128746033]]",
    "object_bsdf.anisotropic.value": [
        0.0
    ],
    "object_bsdf.spec_tint.value": [
        0.0
    ],
    "object_bsdf.sheen.value": [
        0.0
    ],
    "object_bsdf.sheen_tint.value": [
        0.0
    ],
    "object_bsdf.spec_trans.value": [
        0.9096505641937256
    ],
    "object_bsdf.flatness.value": [
        0.0
    ]
}