{
    "emitter-envmap.scale": [
        3.0
    ],
    "bsdf-diffuse.reflectance.value": "[[0.18000000715255737, 0.18000000715255737, 0.18000000715255737]]",
    "object_bsdf.eta": [
        1.516992211341858
    ],
    "object_bsdf.alpha.value": [
        0.0010000000474974513
    ],
    "medium1.albedo.value.value": "[[0.4810597598552704, 0.8495541214942932, 0.9990000128746033]]",
    "medium1.sigma_t.value.value": [
        0.4841107428073883
    ]
}