{
    "emitter-envmap.scale": [
        3.0
    ],
    "bsdf-diffuse.reflectance.value": "[[0.18000000715255737, 0.18000000715255737, 0.18000000715255737]]",
    "object_bsdf.clearcoat.value": [
        0.0
    ],
    "object_bsdf.clearcoat_gloss.value": [
        0.0
    ],
    "object_bsdf.metallic.value": [
        0.0
    ],
    "object_bsdf.eta": [
        1.5393612384796143
    ],
    "object_bsdf.roughness.value": [
        0.0010000000474974513
    ],
    "object_bsdf.base_color.value": "[[0.4131670296192169, 0.9194056391716003, 0.9990000128746033]]",
    "object_bsdf.anisotropic.value": [
        0.0
    ],
    "object_bsdf.spec_tint.value": [
        0.0
    ],
    "object_bsdf.sheen.value": [
        0.0
    ],
    "object_bsdf.sheen_tint.value": [
        0.0
    ],
    "object_bsdf.spec_trans.value": [
        0.9541535377502441
    ],
    "object_bsdf.flatness.value": [
        0.0
    ]
}