{
    "mat-PlaneBsdf.brdf_0.reflectance.color0.value": "[[0.4000000059604645, 0.4000000059604645, 0.4000000059604645]]",
    "mat-PlaneBsdf.brdf_0.reflectance.color1.value": "[[0.20000000298023224, 0.20000000298023224, 0.20000000298023224]]",
    "mat-ObjectBsdf.eta": [
        2.2165656089782715
    ],
    "mat-ObjectBsdf.alpha.value": [
        0.12290383875370026
    ],
    "medium1.sigma_t.value.value": [
        0.26450783014297485
    ],
    "emitter-envmap.scale": [
        1.0
    ]
}