{
    "mat-PlaneBsdf.brdf_0.reflectance.color0.value": "[[0.4000000059604645, 0.4000000059604645, 0.4000000059604645]]",
    "mat-PlaneBsdf.brdf_0.reflectance.color1.value": "[[0.20000000298023224, 0.20000000298023224, 0.20000000298023224]]",
    "mat-ObjectBsdf.eta": [
        1.48496413230896
    ],
    "mat-ObjectBsdf.alpha.value": [
        0.011505822651088238
    ],
    "medium1.sigma_t.value.value": [
        0.3573414981365204
    ],
    "emitter-envmap.scale": [
        1.0
    ]
}