{
    "emitter-envmap.scale": [
        3.0
    ],
    "bsdf-diffuse.reflectance.value": "[[0.18000000715255737, 0.18000000715255737, 0.18000000715255737]]",
    "object_bsdf.eta": [
        1.4739885330200195
    ],
    "object_bsdf.alpha.value": [
        0.0010000000474974513
    ],
    "medium1.albedo.value.value": "[[0.5004003047943115, 0.82240891456604, 0.9990000128746033]]",
    "medium1.sigma_t.value.value": [
        0.46556732058525085
    ]
}