{
    "emitter-envmap.scale": [
        3.0
    ],
    "bsdf-diffuse.reflectance.value": "[[0.18000000715255737, 0.18000000715255737, 0.18000000715255737]]",
    "object_bsdf.eta": [
        1.6042591333389282
    ],
    "object_bsdf.alpha.value": [
        0.008980433456599712
    ],
    "medium1.albedo.value.value": "[[0.5011631846427917, 0.884414792060852, 0.9990000128746033]]",
    "medium1.sigma_t.value.value": [
        0.5991960763931274
    ]
}